{"IcoMoonType":"selection","icons":[{"icon":{"paths":["M358.4 0c-197.939 0-358.4 160.461-358.4 358.4v0c0 268.8 358.4 665.6 358.4 665.6s358.4-396.8 358.4-665.6c0-197.939-160.461-358.4-358.4-358.4v0zM358.4 486.4c-70.692 0-128-57.308-128-128s57.308-128 128-128c70.692 0 128 57.308 128 128v0c0 70.692-57.308 128-128 128v0z"],"width":717,"attrs":[{}],"isMulticolor":false,"isMulticolor2":false,"tags":["ic_place_24px"],"grid":24},"attrs":[{}],"properties":{"order":26,"id":0,"name":"ic_place_24px","prevSize":24,"code":59662},"setIdx":0,"setId":3,"iconIdx":0},{"icon":{"paths":["M448.467 475.873c-116.858-109.584-274.502-176.896-447.869-176.896-0.21 0-0.421 0-0.631 0l0.032-0v548.127c0.178-0 0.388-0 0.599-0 173.366 0 331.011 67.312 448.225 177.226l-0.356-0.331c117.114-109.524 274.925-176.807 448.45-176.895l0.017-0v-548.127c-0.178-0-0.388-0-0.599-0-173.366 0-331.011 67.312-448.225 177.226l0.356-0.331zM448.467 298.978c82.561 0 149.489-66.929 149.489-149.489s-66.929-149.489-149.489-149.489c-82.561 0-149.489 66.929-149.489 149.489v0c0 82.561 66.929 149.489 149.489 149.489v0z"],"width":897,"attrs":[{}],"isMulticolor":false,"isMulticolor2":false,"tags":["ic_local_library_24px"],"grid":24},"attrs":[{}],"properties":{"order":24,"id":1,"name":"ic_local_library_24px","prevSize":24,"code":59660},"setIdx":0,"setId":3,"iconIdx":1},{"icon":{"paths":["M810 274l-238 238 238 238-60 60-238-238-238 238-60-60 238-238-238-238 60-60 238 238 238-238z"],"attrs":[],"isMulticolor":false,"isMulticolor2":false,"tags":["clear, close"],"grid":24},"attrs":[],"properties":{"order":25,"ligatures":"clear, close","id":2,"prevSize":24,"code":59661,"name":"clearclose"},"setIdx":0,"setId":3,"iconIdx":2},{"icon":{"paths":["M470 726h426l-136-180-108 136-76-92zM938 214q18 0 31 12t13 30v512q0 18-13 30t-31 12h-512q-18 0-30-12t-12-30v-512q0-18 12-30t30-12h512zM214 214h84v596h-84v-596zM42 214h86v596h-86v-596z"],"attrs":[],"isMulticolor":false,"isMulticolor2":false,"tags":["burst_mode"],"grid":24},"attrs":[],"properties":{"order":14,"ligatures":"burst_mode","id":3,"prevSize":24,"code":59648,"name":"burst_mode"},"setIdx":0,"setId":3,"iconIdx":3},{"icon":{"paths":["M298 426h428l-214 214z"],"attrs":[],"isMulticolor":false,"isMulticolor2":false,"tags":["arrow_drop_down"],"grid":24},"attrs":[],"properties":{"order":18,"ligatures":"arrow_drop_down","id":4,"prevSize":24,"code":59649,"name":"arrow_drop_down"},"setIdx":0,"setId":3,"iconIdx":4},{"icon":{"paths":["M128 256h768v86h-768v-86zM128 554v-84h768v84h-768zM128 768v-86h768v86h-768z"],"attrs":[],"isMulticolor":false,"isMulticolor2":false,"tags":["menu"],"grid":24},"attrs":[],"properties":{"order":15,"ligatures":"menu","id":5,"prevSize":24,"code":59650,"name":"menu"},"setIdx":0,"setId":3,"iconIdx":5},{"icon":{"paths":["M512 682q34 0 60 26t26 60-26 60-60 26-60-26-26-60 26-60 60-26zM512 426q34 0 60 26t26 60-26 60-60 26-60-26-26-60 26-60 60-26zM512 342q-34 0-60-26t-26-60 26-60 60-26 60 26 26 60-26 60-60 26z"],"attrs":[],"isMulticolor":false,"isMulticolor2":false,"tags":["more_vert"],"grid":24},"attrs":[],"properties":{"order":17,"ligatures":"more_vert","id":6,"prevSize":24,"code":59651,"name":"more_vert"},"setIdx":0,"setId":3,"iconIdx":6},{"icon":{"paths":["M512 854q140 0 241-101t101-241q0-114-74-210l-478 478q96 74 210 74zM170 512q0 114 74 210l478-478q-96-74-210-74-140 0-241 101t-101 241zM512 86q176 0 301 125t125 301-125 301-301 125-301-125-125-301 125-301 301-125z"],"attrs":[],"isMulticolor":false,"isMulticolor2":false,"tags":["do_not_disturb_alt"],"grid":24},"attrs":[],"properties":{"order":9,"ligatures":"do_not_disturb_alt","id":7,"prevSize":24,"code":59652,"name":"do_not_disturb_alt"},"setIdx":0,"setId":3,"iconIdx":7},{"icon":{"paths":["M214 426h596l-64-192h-468zM746 640q26 0 45-18t19-46-19-46-45-18-45 18-19 46 19 46 45 18zM278 640q26 0 45-18t19-46-19-46-45-18-45 18-19 46 19 46 45 18zM808 214l88 256v340q0 18-12 31t-30 13h-44q-18 0-30-13t-12-31v-42h-512v42q0 18-12 31t-30 13h-44q-18 0-30-13t-12-31v-340l88-256q14-44 62-44h468q48 0 62 44z"],"attrs":[],"isMulticolor":false,"isMulticolor2":false,"tags":["drive_eta, time_to_leave"],"grid":24},"attrs":[],"properties":{"order":16,"ligatures":"drive_eta, time_to_leave","id":8,"prevSize":24,"code":59653,"name":"drive_etatime_to_leave"},"setIdx":0,"setId":3,"iconIdx":8},{"icon":{"paths":["M554 384h236l-236-234v234zM682 598v-86h-340v86h340zM682 768v-86h-340v86h340zM598 86l256 256v512q0 34-26 59t-60 25h-512q-34 0-60-25t-26-59l2-684q0-34 25-59t59-25h342z"],"attrs":[],"isMulticolor":false,"isMulticolor2":false,"tags":["description"],"grid":24},"attrs":[],"properties":{"order":20,"ligatures":"description","id":9,"prevSize":24,"code":59654,"name":"description"},"setIdx":0,"setId":3,"iconIdx":9},{"icon":{"paths":["M384 692l452-454 60 60-512 512-238-238 58-60z"],"attrs":[],"isMulticolor":false,"isMulticolor2":false,"tags":["done"],"grid":24},"attrs":[],"properties":{"order":23,"ligatures":"done","id":10,"prevSize":24,"code":59655,"name":"done"},"setIdx":0,"setId":3,"iconIdx":10},{"icon":{"paths":["M128 938v-852l64 64 64-64 64 64 64-64 64 64 64-64 64 64 64-64 64 64 64-64 64 64 64-64v852l-64-64-64 64-64-64-64 64-64-64-64 64-64-64-64 64-64-64-64 64-64-64zM768 384v-86h-512v86h512zM768 554v-84h-512v84h512zM768 726v-86h-512v86h512z"],"attrs":[],"isMulticolor":false,"isMulticolor2":false,"tags":["receipt"],"grid":24},"attrs":[],"properties":{"order":22,"ligatures":"receipt","id":11,"prevSize":24,"code":59656,"name":"receipt"},"setIdx":0,"setId":3,"iconIdx":11},{"icon":{"paths":["M512 662q62 0 106-44t44-106-44-106-106-44-106 44-44 106 44 106 106 44zM830 554l90 70q14 10 4 28l-86 148q-8 14-26 8l-106-42q-42 30-72 42l-16 112q-4 18-20 18h-172q-16 0-20-18l-16-112q-38-16-72-42l-106 42q-18 6-26-8l-86-148q-10-18 4-28l90-70q-2-14-2-42t2-42l-90-70q-14-10-4-28l86-148q8-14 26-8l106 42q42-30 72-42l16-112q4-18 20-18h172q16 0 20 18l16 112q38 16 72 42l106-42q18-6 26 8l86 148q10 18-4 28l-90 70q2 14 2 42t-2 42z"],"attrs":[],"isMulticolor":false,"isMulticolor2":false,"tags":["settings"],"grid":24},"attrs":[],"properties":{"order":11,"ligatures":"settings","id":12,"prevSize":24,"code":59657,"name":"settings"},"setIdx":0,"setId":3,"iconIdx":12},{"icon":{"paths":["M982 342q0 34-26 59t-60 25h-2q-14 0-20-2l-152 152q4 12 4 22 0 34-26 59t-60 25-60-25-26-59q0-10 4-22l-110-110q-12 4-22 4t-22-4l-194 194q4 12 4 22 0 34-26 60t-60 26-60-26-26-60 26-59 60-25q16 0 22 2l194-194q-2-6-2-22 0-34 25-60t59-26 60 26 26 60q0 16-2 22l108 108q6-2 22-2t22 2l152-150q-4-12-4-22 0-34 26-60t60-26 60 26 26 60z"],"attrs":[],"isMulticolor":false,"isMulticolor2":false,"tags":["timeline"],"grid":24},"attrs":[],"properties":{"order":21,"ligatures":"timeline","id":13,"prevSize":24,"code":59658,"name":"timeline"},"setIdx":0,"setId":3,"iconIdx":13},{"icon":{"paths":["M854 896v-554h-684v554h684zM854 128q34 0 59 26t25 60v682q0 34-25 60t-59 26h-684q-34 0-59-26t-25-60v-682q0-34 25-60t59-26h44v-86h84v86h428v-86h84v86h44z"],"attrs":[],"isMulticolor":false,"isMulticolor2":false,"tags":["calendar_today"],"grid":24},"attrs":[],"properties":{"order":19,"ligatures":"calendar_today","id":14,"prevSize":24,"code":59659,"name":"calendar_today"},"setIdx":0,"setId":3,"iconIdx":14},{"icon":{"paths":["M733.714 419.429c0-9.714-3.429-19.429-10.286-26.286l-52-51.429c-6.857-6.857-16-10.857-25.714-10.857s-18.857 4-25.714 10.857l-233.143 232.571-129.143-129.143c-6.857-6.857-16-10.857-25.714-10.857s-18.857 4-25.714 10.857l-52 51.429c-6.857 6.857-10.286 16.571-10.286 26.286s3.429 18.857 10.286 25.714l206.857 206.857c6.857 6.857 16.571 10.857 25.714 10.857 9.714 0 19.429-4 26.286-10.857l310.286-310.286c6.857-6.857 10.286-16 10.286-25.714zM877.714 512c0 242.286-196.571 438.857-438.857 438.857s-438.857-196.571-438.857-438.857 196.571-438.857 438.857-438.857 438.857 196.571 438.857 438.857z"],"width":877.7142857142857,"attrs":[],"isMulticolor":false,"isMulticolor2":false,"tags":["check-circle"],"defaultCode":61528,"grid":14},"attrs":[],"properties":{"name":"check-circle","id":0,"order":8,"prevSize":28,"code":61528},"setIdx":1,"setId":2,"iconIdx":0},{"icon":{"paths":["M640 146.286h-475.429c-50.286 0-91.429 41.143-91.429 91.429v475.429c0 50.286 41.143 91.429 91.429 91.429h475.429c50.286 0 91.429-41.143 91.429-91.429v-475.429c0-50.286-41.143-91.429-91.429-91.429zM804.571 237.714v475.429c0 90.857-73.714 164.571-164.571 164.571h-475.429c-90.857 0-164.571-73.714-164.571-164.571v-475.429c0-90.857 73.714-164.571 164.571-164.571h475.429c90.857 0 164.571 73.714 164.571 164.571z"],"width":804.5714285714286,"attrs":[],"isMulticolor":false,"isMulticolor2":false,"tags":["square-o"],"defaultCode":61590,"grid":14},"attrs":[],"properties":{"name":"square-o","id":1,"order":2,"prevSize":28,"code":61590},"setIdx":1,"setId":2,"iconIdx":1},{"icon":{"paths":["M300.571 796.571c0 40-32.571 73.143-73.143 73.143-40 0-73.143-33.143-73.143-73.143 0-40.571 33.143-73.143 73.143-73.143 40.571 0 73.143 32.571 73.143 73.143zM585.143 914.286c0 40.571-32.571 73.143-73.143 73.143s-73.143-32.571-73.143-73.143 32.571-73.143 73.143-73.143 73.143 32.571 73.143 73.143zM182.857 512c0 40.571-32.571 73.143-73.143 73.143s-73.143-32.571-73.143-73.143 32.571-73.143 73.143-73.143 73.143 32.571 73.143 73.143zM869.714 796.571c0 40-33.143 73.143-73.143 73.143-40.571 0-73.143-33.143-73.143-73.143 0-40.571 32.571-73.143 73.143-73.143 40 0 73.143 32.571 73.143 73.143zM318.857 227.429c0 50.286-41.143 91.429-91.429 91.429s-91.429-41.143-91.429-91.429 41.143-91.429 91.429-91.429 91.429 41.143 91.429 91.429zM987.429 512c0 40.571-32.571 73.143-73.143 73.143s-73.143-32.571-73.143-73.143 32.571-73.143 73.143-73.143 73.143 32.571 73.143 73.143zM621.714 109.714c0 60.571-49.143 109.714-109.714 109.714s-109.714-49.143-109.714-109.714 49.143-109.714 109.714-109.714 109.714 49.143 109.714 109.714zM924.571 227.429c0 70.857-57.714 128-128 128-70.857 0-128-57.143-128-128 0-70.286 57.143-128 128-128 70.286 0 128 57.714 128 128z"],"width":1024,"attrs":[],"isMulticolor":false,"isMulticolor2":false,"tags":["spinner"],"defaultCode":61712,"grid":14},"attrs":[],"properties":{"name":"spinner","id":2,"order":5,"prevSize":28,"code":61712},"setIdx":1,"setId":2,"iconIdx":2},{"icon":{"paths":["M219.429 713.143v109.714c0 30.286-24.571 54.857-54.857 54.857h-109.714c-30.286 0-54.857-24.571-54.857-54.857v-109.714c0-30.286 24.571-54.857 54.857-54.857h109.714c30.286 0 54.857 24.571 54.857 54.857zM219.429 420.571v109.714c0 30.286-24.571 54.857-54.857 54.857h-109.714c-30.286 0-54.857-24.571-54.857-54.857v-109.714c0-30.286 24.571-54.857 54.857-54.857h109.714c30.286 0 54.857 24.571 54.857 54.857zM219.429 128v109.714c0 30.286-24.571 54.857-54.857 54.857h-109.714c-30.286 0-54.857-24.571-54.857-54.857v-109.714c0-30.286 24.571-54.857 54.857-54.857h109.714c30.286 0 54.857 24.571 54.857 54.857z"],"width":219.42857142857142,"attrs":[],"isMulticolor":false,"isMulticolor2":false,"tags":["ellipsis-v"],"defaultCode":61762,"grid":14},"attrs":[],"properties":{"name":"ellipsis-v","id":3,"order":7,"prevSize":28,"code":61762},"setIdx":1,"setId":2,"iconIdx":3},{"icon":{"paths":["M391.429 742.286l350.857-350.857c14.286-14.286 14.286-37.143 0-51.429l-58.286-58.286c-14.286-14.286-37.143-14.286-51.429 0l-266.857 266.857-120.571-120.571c-14.286-14.286-37.143-14.286-51.429 0l-58.286 58.286c-14.286 14.286-14.286 37.143 0 51.429l204.571 204.571c14.286 14.286 37.143 14.286 51.429 0zM877.714 237.714v548.571c0 90.857-73.714 164.571-164.571 164.571h-548.571c-90.857 0-164.571-73.714-164.571-164.571v-548.571c0-90.857 73.714-164.571 164.571-164.571h548.571c90.857 0 164.571 73.714 164.571 164.571z"],"width":877.7142857142857,"attrs":[],"isMulticolor":false,"isMulticolor2":false,"tags":["check-square"],"defaultCode":61770,"grid":14},"attrs":[],"properties":{"name":"check-square","id":4,"order":3,"prevSize":28,"code":61770},"setIdx":1,"setId":2,"iconIdx":4},{"icon":{"paths":["M438.857 146.286c-201.714 0-365.714 164-365.714 365.714s164 365.714 365.714 365.714 365.714-164 365.714-365.714-164-365.714-365.714-365.714zM877.714 512c0 242.286-196.571 438.857-438.857 438.857s-438.857-196.571-438.857-438.857 196.571-438.857 438.857-438.857v0c242.286 0 438.857 196.571 438.857 438.857z"],"width":877.7142857142857,"attrs":[],"isMulticolor":false,"isMulticolor2":false,"tags":["circle-thin"],"defaultCode":61915,"grid":14},"attrs":[],"properties":{"name":"circle-thin","id":5,"order":6,"prevSize":28,"code":61915},"setIdx":1,"setId":2,"iconIdx":5},{"icon":{"paths":["M480 704c88.366 0 160-71.634 160-160v-384c0-88.366-71.634-160-160-160s-160 71.634-160 160v384c0 88.366 71.636 160 160 160zM704 448v96c0 123.71-100.29 224-224 224-123.712 0-224-100.29-224-224v-96h-64v96c0 148.238 112.004 270.3 256 286.22v129.78h-128v64h320v-64h-128v-129.78c143.994-15.92 256-137.982 256-286.22v-96h-64z"],"tags":["mic","microphone","voice","audio"],"defaultCode":59678,"grid":16,"attrs":[]},"attrs":[],"properties":{"ligatures":"mic, microphone","name":"mic","order":3,"id":31,"prevSize":32,"code":59678},"setIdx":2,"setId":1,"iconIdx":30},{"icon":{"paths":["M719.53 831.53c-12.286 0-24.566-4.686-33.942-14.056-18.744-18.744-18.744-49.136 0-67.882 131.006-131.006 131.006-344.17 0-475.176-18.744-18.746-18.744-49.138 0-67.882 18.744-18.742 49.138-18.744 67.882 0 81.594 81.59 126.53 190.074 126.53 305.466 0 115.39-44.936 223.876-126.53 305.47-9.372 9.374-21.656 14.060-33.94 14.060v0zM549.020 741.020c-12.286 0-24.566-4.686-33.942-14.058-18.746-18.746-18.746-49.134 0-67.88 81.1-81.1 81.1-213.058 0-294.156-18.746-18.746-18.746-49.138 0-67.882s49.136-18.744 67.882 0c118.53 118.53 118.53 311.392 0 429.922-9.372 9.368-21.656 14.054-33.94 14.054z","M416.006 960c-8.328 0-16.512-3.25-22.634-9.374l-246.626-246.626h-114.746c-17.672 0-32-14.326-32-32v-320c0-17.672 14.328-32 32-32h114.746l246.626-246.628c9.154-9.154 22.916-11.89 34.874-6.936 11.958 4.952 19.754 16.622 19.754 29.564v832c0 12.944-7.796 24.612-19.754 29.564-3.958 1.64-8.118 2.436-12.24 2.436z"],"tags":["volume-medium","volume","audio","speaker","player"],"defaultCode":59943,"grid":16,"attrs":[]},"attrs":[],"properties":{"ligatures":"volume-medium, volume2","name":"volume-medium","order":4,"id":296,"prevSize":32,"code":59943},"setIdx":2,"setId":1,"iconIdx":295}],"height":1024,"metadata":{"name":"icomoon"},"preferences":{"showGlyphs":true,"showCodes":true,"showQuickUse":true,"showQuickUse2":true,"showSVGs":true,"fontPref":{"prefix":"icon-","metadata":{"fontFamily":"icomoon"},"metrics":{"emSize":1024,"baseline":6.25,"whitespace":50},"embed":false},"imagePref":{"prefix":"icon-","png":true,"useClassSelector":true,"color":0,"bgColor":16777215,"name":"icomoon","classSelector":".icon"},"historySize":50}}